-- phpMyAdmin SQL Dump
-- version 4.9.2
-- https://www.phpmyadmin.net/
--
-- Хост: 127.0.0.1:3306
-- Время создания: Сен 09 2020 г., 08:24
-- Версия сервера: 10.4.10-MariaDB
-- Версия PHP: 7.3.12

SET SQL_MODE = "NO_AUTO_VALUE_ON_ZERO";
SET AUTOCOMMIT = 0;
START TRANSACTION;
SET time_zone = "+00:00";


/*!40101 SET @OLD_CHARACTER_SET_CLIENT=@@CHARACTER_SET_CLIENT */;
/*!40101 SET @OLD_CHARACTER_SET_RESULTS=@@CHARACTER_SET_RESULTS */;
/*!40101 SET @OLD_COLLATION_CONNECTION=@@COLLATION_CONNECTION */;
/*!40101 SET NAMES utf8mb4 */;

--
-- База данных: `jira`
--

-- --------------------------------------------------------

--
-- Структура таблицы `comments`
--

DROP TABLE IF EXISTS `comments`;
CREATE TABLE IF NOT EXISTS `comments` (
  `comment_id` int(11) NOT NULL AUTO_INCREMENT,
  `task_id` int(11) NOT NULL,
  `comment_text` varchar(2048) NOT NULL,
  `comment_created` int(11) NOT NULL,
  `user_login` varchar(64) NOT NULL,
  PRIMARY KEY (`comment_id`)
) ENGINE=MyISAM AUTO_INCREMENT=40 DEFAULT CHARSET=utf8;

--
-- Дамп данных таблицы `comments`
--

INSERT INTO `comments` (`comment_id`, `task_id`, `comment_text`, `comment_created`, `user_login`) VALUES
(1, 6, 'qwfqwf', 1595419916, 'm.gaiduk'),
(2, 6, 'qwf', 1595419972, 'm.gaiduk'),
(17, 5, 'fnfn', 1595421085, 'm.gaiduk'),
(18, 9, 'erhr5h', 1595430685, 'm.gaiduk'),
(19, 10, 'Комментарий о самом лучшем', 1595497257, 'Administration User'),
(20, 10, 'rger', 1595497482, 'Administration User'),
(21, 10, 'awf', 1595497560, 'Administration User'),
(13, 6, 'qwfqwfqw fdqw dqw dqw dqw dqw dqwd qw dqwd qwd', 1595420550, 'm.gaiduk'),
(25, 1, 'wef', 1595509015, 'm.gaiduk'),
(26, 1, 'wef', 1595509037, 'm.gaiduk'),
(27, 1, 'wef', 1595509079, 'm.gaiduk'),
(28, 1, 'wef', 1595509265, 'm.gaiduk'),
(29, 1, 'awf', 1595509458, 'm.gaiduk'),
(30, 1, 'qwf', 1595509481, 'm.gaiduk'),
(31, 1, 'awf', 1595509542, 'm.gaiduk'),
(32, 1, 'awf', 1595509552, 'm.gaiduk'),
(33, 11, 'eh4', 1595512316, 'm.gaiduk'),
(34, 13, 'awfwdawefwe', 1595512702, 'm.gaiduk'),
(35, 13, 'wefwef', 1595512707, 'm.gaiduk'),
(36, 11, 'thrthrt', 1595578406, 'm.gaiduk'),
(37, 12, 'ukukyu', 1595580900, 'm.gaiduk'),
(38, 11, 'rger', 1595585599, 'm.gaiduk'),
(39, 11, 'wefwef', 1595835663, 'm.gaiduk');

-- --------------------------------------------------------

--
-- Структура таблицы `files`
--

DROP TABLE IF EXISTS `files`;
CREATE TABLE IF NOT EXISTS `files` (
  `task_id` int(11) NOT NULL,
  `comment_id` int(11) DEFAULT NULL,
  `file_name` varchar(512) NOT NULL,
  `file_hash` varchar(512) NOT NULL
) ENGINE=MyISAM DEFAULT CHARSET=utf8;

--
-- Дамп данных таблицы `files`
--

INSERT INTO `files` (`task_id`, `comment_id`, `file_name`, `file_hash`) VALUES
(11, NULL, 'jira (7).sql', '0c96308287ecd914978f522edbdaaa6a4900a3ca4c4378e00c41ef2720630ec2'),
(11, NULL, 'team.svg', '1304f3da33e2bccff3eb78d0c81a3c419b13bbaf75029e7b5ba3674cffac088a'),
(11, NULL, 'search.png', '80276a68f62d01d42a791eac7f1ed3b405afca82f5817e3fe8dff145d68abad9'),
(11, NULL, 'users.sql', 'b4714b2184d7542ab156344021f1a8aa6f3875fa95245f5440381fed60e769a3'),
(12, NULL, 'up-arrow.svg', 'cf79a1108f733a772f0c20606052937e35a255b6b075147542569ecc0d10bcf5'),
(11, NULL, 'up-arrow (2).svg', 'b3f9655c314e1354b33d33207bb49a44028ffb763413cc80f190635940f3c050');

-- --------------------------------------------------------

--
-- Структура таблицы `members`
--

DROP TABLE IF EXISTS `members`;
CREATE TABLE IF NOT EXISTS `members` (
  `project_code` varchar(10) NOT NULL,
  `task_id` int(11) DEFAULT NULL,
  `user_login` varchar(64) NOT NULL,
  `member_role` varchar(20) NOT NULL
) ENGINE=MyISAM DEFAULT CHARSET=utf8;

--
-- Дамп данных таблицы `members`
--

INSERT INTO `members` (`project_code`, `task_id`, `user_login`, `member_role`) VALUES
('WEG', NULL, 'm.gaiduk', 'manager'),
('WEG', NULL, 'm.gaiduk', 'manager'),
('CED', 9, 'm.gaiduk', 'manager'),
('CED', 14, 'm.kim', 'manager'),
('CED', 10, 'm.gaiduk', 'manager'),
('CED', 10, 'm.gaiduk', 'manager'),
('CED', 10, 'm.kim', 'manager'),
('FWWW', NULL, 'm.gaiduk', 'manager'),
('FWEE', NULL, 'm.gaiduk', 'manager'),
('WWEF', NULL, 'm.gaiduk', 'manager'),
('CED', 14, 'm.gaiduk', 'manager'),
('WFEW', NULL, 'm.gaiduk', 'manager'),
('CED', 11, 'm.gaiduk', 'worker'),
('CED', NULL, 'm.gaiduk', 'manager'),
('CED', 12, 'm.gaiduk', 'manager'),
('CED', 13, 'm.gaiduk', 'manager'),
('CED', 11, 'm.gaiduk', 'manager'),
('CED', 14, 'm.gaiduk', 'manager'),
('CED', 14, 'm.gaiduk', 'worker'),
('CED', NULL, 'm.gaiduk', 'manager'),
('CED', NULL, 'm.kim', 'manager'),
('CED', NULL, 'm.gaiduk', 'manager'),
('CED', NULL, 'm.gaiduk', 'worker'),
('CED', 11, 'm.kim', 'manager'),
('CED', 11, 'm.gaiduk', 'manager'),
('CED', 15, 'm.gaiduk', 'manager'),
('CED', 15, 'm.kim', 'worker'),
('CED', 11, 'm.kim', 'worker'),
('CED', 16, 'm.gaiduk', 'manager'),
('CED', 16, 'm.kim', 'worker'),
('CED', 17, 'm.gaiduk', 'manager'),
('CED', 17, '', 'worker'),
('CED', 18, 'm.gaiduk', 'manager'),
('CED', 18, '', 'worker'),
('CED', 19, 'm.gaiduk', 'manager'),
('CED', 19, '', 'worker');

-- --------------------------------------------------------

--
-- Структура таблицы `products`
--

DROP TABLE IF EXISTS `products`;
CREATE TABLE IF NOT EXISTS `products` (
  `task_id` int(11) NOT NULL,
  `product_id` varchar(64) NOT NULL,
  `product_title` varchar(512) NOT NULL
) ENGINE=MyISAM DEFAULT CHARSET=utf8;

-- --------------------------------------------------------

--
-- Структура таблицы `projects`
--

DROP TABLE IF EXISTS `projects`;
CREATE TABLE IF NOT EXISTS `projects` (
  `project_code` varchar(5) NOT NULL,
  `project_name` varchar(64) NOT NULL,
  `project_department` varchar(64) NOT NULL,
  `user_login` varchar(64) NOT NULL,
  PRIMARY KEY (`project_code`)
) ENGINE=MyISAM DEFAULT CHARSET=utf8;

--
-- Дамп данных таблицы `projects`
--

INSERT INTO `projects` (`project_code`, `project_name`, `project_department`, `user_login`) VALUES
('CED', 'Unibus 212', 'Бюро конструкторских разработок', 'm.gaiduk'),
('WEG', 'weg', 'weg', 'm.gaiduk'),
('FWWW', 'wefwef', 'wefwef', 'm.gaiduk'),
('FWEE', 'wefwef', 'wefwef', 'm.gaiduk'),
('WWEF', 'wef', 'wef', 'm.gaiduk'),
('WFEW', 'wef', 'wef', 'm.gaiduk');

-- --------------------------------------------------------

--
-- Структура таблицы `tasks`
--

DROP TABLE IF EXISTS `tasks`;
CREATE TABLE IF NOT EXISTS `tasks` (
  `task_id` int(11) NOT NULL AUTO_INCREMENT,
  `project_code` varchar(5) NOT NULL,
  `task_updated` int(11) DEFAULT NULL,
  `task_created` int(11) NOT NULL,
  `task_days` int(11) NOT NULL,
  `task_title` varchar(512) NOT NULL,
  `task_description` varchar(2048) NOT NULL,
  `task_status` varchar(20) NOT NULL,
  `task_type` varchar(20) NOT NULL,
  `user_login` varchar(64) NOT NULL,
  `task_order` int(11) NOT NULL,
  PRIMARY KEY (`task_id`)
) ENGINE=MyISAM AUTO_INCREMENT=20 DEFAULT CHARSET=utf8;

--
-- Дамп данных таблицы `tasks`
--

INSERT INTO `tasks` (`task_id`, `project_code`, `task_updated`, `task_created`, `task_days`, `task_title`, `task_description`, `task_status`, `task_type`, `user_login`, `task_order`) VALUES
(16, 'CED', NULL, 1596196938, 2, '2', 'цуа', 'opened', 'task', 'm.gaiduk', 2),
(17, 'CED', NULL, 1596196953, 3, '3', 'ergergerg', 'opened', 'task', 'm.gaiduk', 3),
(18, 'CED', NULL, 1596196992, 4, '1', 'wefwef', 'opened', 'task', 'm.gaiduk', 1),
(19, 'CED', NULL, 1596197008, 4, '4', 'цуацуа', 'opened', 'task', 'm.gaiduk', 4);

-- --------------------------------------------------------

--
-- Структура таблицы `users`
--

DROP TABLE IF EXISTS `users`;
CREATE TABLE IF NOT EXISTS `users` (
  `user_login` varchar(64) NOT NULL,
  `user_name` varchar(64) NOT NULL,
  `user_token` varchar(64) DEFAULT NULL,
  UNIQUE KEY `user_login` (`user_login`),
  UNIQUE KEY `user_token` (`user_token`)
) ENGINE=MyISAM DEFAULT CHARSET=utf8;

--
-- Дамп данных таблицы `users`
--

INSERT INTO `users` (`user_login`, `user_name`, `user_token`) VALUES
('Administration User', 'Administration User', NULL),
('Service Creator', 'Service Creator', NULL),
('e.gustenev', 'Евгений Густенев', NULL),
('kaznacheev', 'kaznacheev', NULL),
('i.korotkov', 'Иван Коротков', NULL),
('d.filistovich', 'Дмитрий Филистович', NULL),
('t.linevich', 'Татьяна Линевич', NULL),
('b.khodov', 'b.khodov', NULL),
('o.kulichik', 'Олег Куличик', NULL),
('a.ermolenko', 'a.ermolenko', NULL),
('a.sadovskaya', 'Анна Садовская', NULL),
('a.primakov', 'Алексей Примаков', NULL),
('m.lopatin', 'Максим Лопатин', NULL),
('remcontrol', 'remcontrol', NULL),
('p.lojnikova', 'Полина Ложникова', NULL),
('a.filipenko', 'Александр Филипенко', NULL),
('g.panfilovich', 'Герман Панфилович', NULL),
('n.doshchechko', 'n.doshchechko', NULL),
('n.gorbunova', 'Надежда Горбунова', NULL),
('a.lobko', 'Анатолий Лобко', NULL),
('e.dyagel', 'Елена Дягель', NULL),
('p.kakura', 'Павел Какура', NULL),
('s.prigodich', 'Сергей Пригодич', NULL),
('g.kisliy', 'Геннадий Кислый', NULL),
('v.plohotnikov', 'Владимир Плохотников', NULL),
('o.suprun', 'Ольга Супрун', NULL),
('v.kohan', 'Виталий Кохан', NULL),
('v.bobrovich', 'v.bobrovich', NULL),
('a.podrez', 'Антон Подрез', NULL),
('v.baburin', 'Виктор Бабурин', NULL),
('g.korolevich', 'Геннадий Королевич', NULL),
('study2', 'study2', NULL),
('v.belkevich', 'Виктор Белькевич', NULL),
('study9', 'study9', NULL),
('n.lavnik', 'n.lavnik', NULL),
('study22', 'study22', NULL),
('v.uzyumov', 'Виталий Узюмов', NULL),
('o.losik', 'Олег Лосик', NULL),
('v.bogatyr', 'Владимир Богатырь', NULL),
('p.selyaninov', 'Селянинов Павел', NULL),
('t.tatianko', 'Татьяна Татьянко', NULL),
('i.demenskaya', 'Ида Деменская', NULL),
('n.kuzmin', 'Никита Кузьмин', NULL),
('v.matorin', 'Вадим Маторин', NULL),
('d.kniga', 'Дмитрий Книга', NULL),
('study1', 'study1', NULL),
('a.boiko', 'Анна Бойко', NULL),
('p.marushin', 'Павел Марушин', NULL),
('y.machunina', 'Яна Мачунина', NULL),
('v.kudris', 'Виктор Кудрис', NULL),
('m.grachev', 'Максим Грачёв', NULL),
('e.moskov', 'Евгений Москов', NULL),
('a.yanchuk', 'Алексей Янчук', NULL),
('e.osmyatkin', 'Евгений Осмяткин', NULL),
('d.shevchenko', 'Дмитрий Шевченко', NULL),
('a.sechko', 'Александр Сечко', NULL),
('d.sheremet', 'Дмитрий Шеремет', NULL),
('cr-ups', 'Переговорная УПС', NULL),
('s.dubkov', 'Сергей Дубков', NULL),
('n.pankevich', 'Надежда Панкевич', NULL),
('p.volkovich', 'Павел Волкович', NULL),
('operator2_3de', 'Оператор2 3DE ', NULL),
('d.shkurko', 'Дмитрий Шкурко', NULL),
('d.zhukovskiy', 'Денис Жуковский', NULL),
('n.dybovskaya', 'Наталья Дубовская', NULL),
('d.oleschuk', 'Дмитрий Олещук', NULL),
('m.roustikov', 'Максим Рустиков', NULL),
('o.polenok', 'Олег Поленок', NULL),
('t.kapanik', 'Татьяна Капаник', NULL),
('i.naletov', 'Иван Налётов', NULL),
('d.lepin', 'Дмитрий Лепин', NULL),
('a.grishuk', 'Андрей Гришук', NULL),
('v.bondarenko', 'Виктория Бондаренко', NULL),
('n.yaroshevich', 'n.yaroshevich', NULL),
('s.maiko', 's.maiko', NULL),
('f.miturich', 'Федор Митюрич', NULL),
('s.nebyishinets', 'Сергей Небышинец', NULL),
('v.shaplyak', 'Виктор Шапляк', NULL),
('o.shimanovskiy', 'Олег Шимановский', NULL),
('e.ambrajevich', 'Евгений Амбражевич', NULL),
('a.burmich', 'Андрей Бурмич', NULL),
('n.laptenok', 'Наталья Лаптенок', NULL),
('a.paplevka', 'Анна Паплевка', NULL),
('y.sukhodolskiy', 'Юрий Суходольский', NULL),
('a.karzhanets', 'Александр Каржанец', NULL),
('e.lesha', 'Евгений Лёша', NULL),
('d.skridlevskiy', 'Дмитрий Скридлевский', NULL),
('m.belanovich', 'Михаил Беланович', NULL),
('a.abakunchik', 'Алексей Абакунчик', NULL),
('y.grishkov', 'Юрий Гришков', NULL),
('d.orabey', 'Дмитрий Орабей', NULL),
('s.vereshchak', 'Сергей Верещак', NULL),
('r.levkovskiy', 'Роман Левковский', NULL),
('a.savin', 'Алексей Савин', NULL),
('u.chernyavskaya', 'Юлия Чернявская', NULL),
('a.kotov', 'Андрей Котов', NULL),
('e.kuznecov', 'Евгений Кузнецов', NULL),
('v.vorobyev', 'Вадим Воробьев', NULL),
('a.karaban', 'Александр Карабань', NULL),
('o.samarina', 'Ольга Самарина', NULL),
('a.kundelev', 'Алексей Кунделев', NULL),
('t.osiyuk', 'Татьяна Осиюк', NULL),
('a.kolesnikov', 'Александр Колесников', NULL),
('g.kurinskaya', 'Галина Куринская', NULL),
('a.rakhunok', 'Алексей Рахунок', NULL),
('a.pavlov', 'Андрей Павлов', NULL),
('e.belogriviy', 'Евгений Белогривый', NULL),
('d.smirnov', 'Дмитрий Смирнов', NULL),
('k.drozdova', 'k.drozdova', NULL),
('v.vaschenko', 'Валентин Ващенко', NULL),
('e.taranova', 'Елена Таранова', NULL),
('i.seduro', 'Игорь Седуро', NULL),
('v.lavrinenko', 'Виктория Лавриненко', NULL),
('i.malyavko', 'Игорь Малявко', NULL),
('e.rodchenkov', 'Евгений Родченков', NULL),
('o.pestretsova', 'o.pestretsova', NULL),
('d.klimovich', 'Дмитрий Климович', NULL),
('a.belenkov', 'Александр Беленков', NULL),
('a.semijon', 'Алеся Семижон', NULL),
('i.kazhuro', 'Игорь Кажуро', NULL),
('s.reginya', 'Сергей Региня', NULL),
('i.murog', 'Ирина Мурог', NULL),
('l.lazareva', 'Людмила Лазарева', NULL),
('t.bubir', 'Татьяна Бубырь', NULL),
('aa.borisevich', 'Александр Александрович', NULL),
('v.tsekhanovich', 'Виктор Цеханович', NULL),
('m.kubyshkin', 'Максим Кубышкин', NULL),
('z.makhmutova', 'z.makhmutova', NULL),
('a.semenkova', 'Анастасия Семенкова', NULL),
('a.shafalovich', 'Александр Шафалович', NULL),
('m.remenchik', 'Михаил Ременчик', NULL),
('v.malishkin', 'Виктор Малышкин', NULL),
('v.kozupeev', 'Владимир Козупеев', NULL),
('p.filonchik', 'p.filonchik', NULL),
('i.skitsunova', 'Ирина Скицунова', NULL),
('a.tereshko', 'Елена Терешко', NULL),
('e.rabetskiy', 'Евгений Рабецкий', NULL),
('p.sokolovskiy', 'Павел Соколовский', NULL),
('o.bykova', 'Ольга Быкова', NULL),
('o.us', 'Ольга Ус', NULL),
('i.pushkina', 'Ирина Пушкина', NULL),
('m.dunaeva', 'Мария Дунаева', NULL),
('e.naumik', 'Елена Наумик', NULL),
('s.alekhno', 'Сергей Алехно', NULL),
('insyjira', 'Insy Jira', NULL),
('study3', 'study3', NULL),
('e.sholohov', 'Евгений Шолохов', NULL),
('a.sinkevich', 'Александр Синкевич', NULL),
('d.vorobey', 'Денис Воробей', NULL),
('y.antonyuk', 'Ярослав Антонюк', NULL),
('y.mamchenkova', 'Юлия Мамченкова', NULL),
('l.jigalo', 'Людмила Жигало', NULL),
('o.monakhova', 'Оксана Монахова', NULL),
('m.tretyak', 'Марина Третьяк', NULL),
('p.lastovskaya', 'Полина Ластовская', NULL),
('a.daneyko', 'Александр Данейко', NULL),
('s.semyanov', 'Сергей Семьянов', NULL),
('n.batalevich', 'Надежда Баталевич', NULL),
('e.shakhno', 'Екатерина Шахно', NULL),
('k.kul', 'Кристина Кул', NULL),
('m.demyanovich', 'Максим Демьянович', NULL),
('a.avramenko', 'Анатолий Авраменко', NULL),
('o.novash', 'Ольга Новаш', NULL),
('a.neveykov', 'a.neveykov', NULL),
('i.nadeev', 'Игорь Надеев', NULL),
('a.lavrovich', 'Андрей Лаврович', NULL),
('o.voronkova', 'Ольга Воронкова', NULL),
('e.radchenko', 'Екатерина Радченко', NULL),
('z.kovalevich', 'Жанна Ковалевич', NULL),
('i.shaban', 'Игорь Шабан', NULL),
('g.zubelevich', 'Геннадий Зубелевич', NULL),
('g.zayats', 'g.zayats', NULL),
('n.yaschuk', 'n.yaschuk', NULL),
('v.luksha', 'Виталий Лукша', NULL),
('d.bochkarev', 'Дмитрий Бочкарев', NULL),
('d.pruteanu', 'Дору Прутеану', NULL),
('s.zayko', 'Сергей Зайко', NULL),
('m.kunitskaya', 'Марина Куницкая', NULL),
('e.boiko', 'Екатерина Бойко', NULL),
('o.sinchuk', 'Олег Синчук', NULL),
('a.turovets', 'Анна Туровец', NULL),
('d.kaznacheev', 'Дмитрий Казначеев', NULL),
('a.kozicheva', 'Александра Козичева', NULL),
('v.karpovich', 'Вероника Карпович', NULL),
('a.trukhnov', 'Алексей Трухнов', NULL),
('o.rizevskiy', 'Олег Ризевский', NULL),
('e.chernyavskaya', 'Екатерина Чернявская', NULL),
('a.kovalenko', 'Андрей Коваленко', NULL),
('y.kabak', 'Юрий Кабак', NULL),
('r.sharshov', 'Роман Шаршов', NULL),
('i.kuzmin', 'Игорь Кузьмин', NULL),
('m.mukovozchik', 'Максим Муковозчик', NULL),
('a.khudin', 'a.khudin', NULL),
('t.tarasova', 'Татьяна Тарасова', NULL),
('s.zik', 's.zik', NULL),
('study19', 'study19', NULL),
('p.khmelev', 'Павел Хмелев', NULL),
('d.kaznacheev2', 'Дмитрий Казначеев', NULL),
('m.parfenchik', 'Михаил Парфенчик', NULL),
('s.petrushenia', 'Сергей Петрушеня', NULL),
('g.valko', 'Галина Валько', NULL),
('d.langin', 'Даниил Лангин', NULL),
('d.evsyukov', 'Дмитрий Евсюков', NULL),
('i.agaev', 'Игорь Агаев', NULL),
('v.ryapolov', 'Виталий Ряполов', NULL),
('v.tsarik', 'Виталий Царик', NULL),
('a.shpakovskiy', 'a.shpakovskiy', NULL),
('study15', 'study15', NULL),
('m.gaiduk', 'Михаил Гайдук', 'f63c3e6d3456d0351912e28e73fd78af424c70de13cc523aff822610cfba7014'),
('s.kirichenko', 'Сергей Кириченко', NULL),
('v.dudorov', 'Виталий Дудоров', NULL),
('t.konopatskaya', 'Татьяна Конопацкая', NULL),
('o.kovalev', 'Олег Ковалев', NULL),
('d.tishuk', 'Денис Тишук', NULL),
('d.metla', 'Дарья Метла', NULL),
('study20', 'study20', NULL),
('v.lyalek', 'Виктор Лялек', NULL),
('a.ivashko', 'Александр Ивашко', NULL),
('a.kosnikovskaya', 'Анжелина Косниковская', NULL),
('t.streltsova', 'Татьяна Стрельцова', NULL),
('a.kalachik', 'Антон Калачик', NULL),
('v.kostuk', 'Виктор Костюк', NULL),
('s.losev', 'Сергей Лосев', NULL),
('i.kovalchuk', 'i.kovalchuk', NULL),
('a.silich', 'Антон Силич', NULL),
('v.smetanenko', 'Владимир Сметаненко', NULL),
('d.volkov', 'Денис Волков', NULL),
('s.matveykov', 's.matveykov', NULL),
('a.bibikov', 'Алексей Бибиков', NULL),
('m.shashalevich', 'm.shashalevich', NULL),
('a.kostyuk', 'Анна Костюк', NULL),
('m.leonovets', 'Михаил Леоновец', NULL),
('a.morozko', 'Анастасия Морозько', NULL),
('a.bolshakov', 'Алексей Большаков', NULL),
('a.huzin', 'Александр Хузин', NULL),
('e.korolev', 'Королев Евгений', NULL),
('f.gibadulin', 'Фархад Гибадулин', NULL),
('m.nyanenkov', 'Максим Няненков', NULL),
('e.petrov', 'Евгений Петров', NULL),
('t.radinskaya', 'Татьяна Радинская', NULL),
('k.kiselev', 'Кирилл Киселев', NULL),
('a.gerasimov', 'a.gerasimov', NULL),
('n.sotnik', 'Надежда Сотник', NULL),
('s.ispenkov', 'Сергей Испеньков', NULL),
('e.kastusik', 'Евгений Кастусик', NULL),
('e.shaban', 'Евгений Шабан', NULL),
('k.levshinskaya', 'k.levshinskaya', NULL),
('k.lobach', 'Кирилл Лобач', NULL),
('v.borodich', 'v.borodich', NULL),
('a.gurskiy', 'Андрей Гурский', NULL),
('a.bobkova', 'Алиса Бобкова', NULL),
('k.prohorchik', 'Кристина Прохорчик', NULL),
('a.mikhalenko', 'Александр Михаленко', NULL),
('e.reshetko', 'Елена Решетко', NULL),
('d.nevero', 'Диана Неверо', NULL),
('n.erakhovets', 'Надежда Ераховец', NULL),
('a.ryimkevich', 'Александр Рымкевич', NULL),
('o.kochetov', 'Олег Кочетов', NULL),
('v.goncharov', 'Владимир Гончаров', NULL),
('a.silkov', 'a.silkov', NULL),
('m.bunkevich', 'Мария Бункевич', NULL),
('freepbx', 'freepbx', NULL),
('o.maltsev', 'Олег Мальцев', NULL),
('n.zasuhina', 'n.zasuhina', NULL),
('e.chernikov', 'Евгений Черников', NULL),
('m.davydik', 'Михаил Давыдик', NULL),
('k.dubovik', 'Константин Дубовик', NULL),
('a.shulzhik', 'Александр Шульжик', NULL),
('andrew', 'Андрей Цвирко', NULL),
('v.voronovich', 'Владимир Воронович', NULL),
('a.atraschenok', 'Андрей Атращенок', NULL),
('r.shishuk', 'Родион Шишук', NULL),
('a.zelkovskaya', 'Александра Зелковская', NULL),
('s.nagornyi', 'Сергей Нагорный', NULL),
('l.konopatskiy', 'Леонид Конопацкий', NULL),
('n.kazhuro', 'Наталья Кажуро', NULL),
('m.tatarov', 'Михаил Татаров', NULL),
('al.kuznetsov', 'Алексей Кузнецов', NULL),
('vmittest2', 'vmittest2', NULL),
('a.kuznetsov', 'Андрей Кузнецов', NULL),
('v.pokladok', 'Владимир Покладок', NULL),
('g.shutova', 'Галина Шутова', NULL),
('a.valiyk', 'Алексей Валюк', NULL),
('m.melnikov', 'Максим Мельников', NULL),
('a.androsovich', 'a.androsovich', NULL),
('e.tyushkevich', 'Екатерина Тюшкевич', NULL),
('i.shumchik', 'Иван Шумчик', NULL),
('a.lipnitskiy', 'Александр Липницкий', NULL),
('n.kopachev', 'Николай Копачёв', NULL),
('a.kalinin', 'Александр Калинин', NULL),
('a.moiseychik', 'Александр Мойсейчик', NULL),
('u.kokhan', 'Юлия Кохан', NULL),
('o.lazar', 'o.lazar', NULL),
('m.fruzin', 'Максим Фрузин', NULL),
('y.karkockiy', 'Юрий Каркоцкий', NULL),
('s.midyuk', 'Сергей Мидюк', NULL),
('i.tihanovich', 'Игорь Тиханович', NULL),
('k.gulyaeva', 'k.gulyaeva', NULL),
('a.levkovich', 'Алина Левкович', NULL),
('s.dyatko', 'Сергей Дятко', NULL),
('a.serebryakov', 'Андрей Серебряков', NULL),
('a.malyavko', 'Артем Малявко', NULL),
('i.finkevich', 'i.finkevich', NULL),
('d.klevitskiy', 'Дмитрий Клевитский', NULL),
('v.chistyakov', 'Виталий Чистяков', NULL),
('m.yudenok', 'Михаил Юденок', NULL),
('m.lazar', 'Марина Лазарь', NULL),
('a.zrazhevskiy', 'a.zrazhevskiy', NULL),
('a.serik', 'Александр Серик', NULL),
('m.makarenko', 'Мария Марченко', NULL),
('a.budai', 'Андрей Будай', NULL),
('y.zaremba', 'Юрий Заремба', NULL),
('a.sugakov', 'Александр Сугаков', NULL),
('n.fruzina', 'Наталья Фрузина', NULL),
('d.baryshev', 'Денис Барышев', NULL),
('a.shibyt', 'Александр Шибут', NULL),
('u.chernobay', 'Юрий Чернобай', NULL),
('a.alexeev', 'Александр Алексеев', NULL),
('p.amelishko', 'Павел Амелишко', NULL),
('e.smolnikova', 'e.smolnikova', NULL),
('v.zhavoronok', 'Виталий Жаворонок', NULL),
('n.kasperovich', 'Наталья Касперович', NULL),
('t.zavrazhnova', 'Татьяна Завражнова', NULL),
('r.gasimov', 'Руслан Гасымов', NULL),
('a.kazakov', 'Александр Казаков', NULL),
('a.rusetskiy', 'Андрей Русецкий', NULL),
('e.filimonova', 'Елена Филимонова', NULL),
('t.kamyshan', 'Татьяна Камышан', NULL),
('a.panko', 'Анна Панько', NULL),
('e.shukov', 'Евгений Шуков', NULL),
('p.holod', 'Павел Холод', NULL),
('i.moshnyakov', 'Игорь Мошняков', NULL),
('n.stasenko', 'Наталья Стасенко', NULL),
('e.kudryashova', 'Екатерина Кудряшова', NULL),
('s.rudko', 'Сергей Рудько', NULL),
('d.godun', 'Дмитрий Годун', NULL),
('d.lopukh', 'Дмитрий Лопух', NULL),
('t.cherepok', 'Тимофей Черепок', NULL),
('d.fedorashko', 'Дмитрий Федорашко', NULL),
('e.kashuro', 'Евгения Кашуро', NULL),
('a.svyatcev', 'Андрей Святцев', NULL),
('a.pinchuk', 'Алексей Пинчук', NULL),
('a.savitskiy', 'Алексей Савицкий', NULL),
('a.nikiforova', 'Анастасия Никифорова', NULL),
('a.verbitskiy', 'Андрей Вербицкий', NULL),
('a.kostushko', 'Александр Костюшко', NULL),
('v.platonova', 'Вера Платонова', NULL),
('a.murashko', 'Андрей Мурашко', NULL),
('y.mokasevich', 'Ярослав Мокасевич', NULL),
('e.senkevich', 'Евгений Сенькевич', NULL),
('v.katsubo', 'Виктория Кацубо', NULL),
('a.rutkevich', 'Алексей Руткевич', NULL),
('a.romanovskiy', 'Алексей Романовский', NULL),
('o.tureyko', 'o.tureyko', NULL),
('i.garkusha', 'Иван Гаркуша', NULL),
('s.borodich', 'Сергей Бородич', NULL),
('Test Everything', 'Test Everything', NULL),
('a.kulik', 'Александр Кулик', NULL),
('k.golovin', 'Кирилл Головин', NULL),
('y.picheta', 'Юрий Пичета', NULL),
('k.voronovich', 'Кирилл Воронович', NULL),
('k.vasilinenko', 'Константин Василиненко', NULL),
('k.tsupikova', 'Катерина Цупикова', NULL),
('k.voitik', 'Константин Войтик', NULL),
('e.rogovskaya', 'Елена Роговская', NULL),
('k.sklyuev', 'Кирилл Склюев', NULL),
('d.kablash', 'Дмитрий Каблаш', NULL),
('y.buldov', 'Юрий Булдов', NULL),
('n.gavrilova', 'Наталья Гаврилова', NULL),
('a.schirets', 'Анна Щирец', NULL),
('t.ermakova', 'Татьяна Ермакова', NULL),
('i.lukin', 'Иван Лукин', NULL),
('userok', 'userok ', NULL),
('a.klezovich', 'a.klezovich', NULL),
('e.levchuk', 'Евгений Левчук', NULL),
('p.malakhov', 'Павел Малахов', NULL),
('a.metelev', 'Александр Метелёв', NULL),
('n.kartashov', 'Николай Карташов', NULL),
('a.petrovskiy', 'Алексей Петровский', NULL),
('a.voylenko', 'Алексей Войленко', NULL),
('k.kostin', 'Константин Костин', NULL),
('ansys.count', 'ansys.count', NULL),
('k.amelin', 'Константин Амелин', NULL),
('m.vinokurova', 'Марина Винокурова', NULL),
('a.hlimankov', 'Александр Хлиманков', NULL),
('k.klimov', 'Кирилл Климов', NULL),
('r.volkov', 'Руслан Волков', NULL),
('a.korbut', 'Анна Корбут', NULL),
('m.siryy', 'Максим Сирый', NULL),
('v.babushkin', 'Вячеслав Бабушкин', NULL),
('s.voloshina', 'Светлана Волошина', NULL),
('a.yunitskiy', 'Анатолий Юницкий', NULL),
('s.sivak', 'Сергей Сивак', NULL),
('o.belova', 'Ольга Белова', NULL),
('v.yanchuk', 'Вера Янчук', NULL),
('n.pinchuk', 'Надежда Пинчук', NULL),
('s.kazakov', 'Сергей Казаков', NULL),
('s.ratnikov', 'Сергей Ратников', NULL),
('a.shashko', 'Александр Шашко', NULL),
('a.kruk', 'Андрей Крук', NULL),
('a.shevchik', 'Андрей Шевчик', NULL),
('s.kotova', 'Светлана Котова', NULL),
('p.skrobut', 'Павел Скробут', NULL),
('d.gormash', 'Дмитрий Гормаш', NULL),
('a.balay', 'Алексей Балай', NULL),
('m.kuntsevich', 'Мария Кунцевич', NULL),
('a.strizhenkov', 'Алексей Стриженков', NULL),
('a.belov', 'Алексей Белов', NULL),
('a.kukut', 'Александр Кукуть', NULL),
('a.kukharenok', 'Александр Кухаренок', NULL),
('study21', 'study21', NULL),
('i.aleev', 'Илья Алеев', NULL),
('v.byk', 'Владимир Бык', NULL),
('a.ustinovich', 'Андрей Устинович', NULL),
('v.miahki', 'Валерий Мягкий', NULL),
('v.yushkevich', 'Вероника Юшкевич', NULL),
('d.smirnova', 'Диана Смирнова', NULL),
('s.vladislav', 'Владислав Швецов', NULL),
('v.zayats', 'Вера Заяц', NULL),
('a.kurban', 'Александр Курбан', NULL),
('a.kerget', 'Алексей Кергет', NULL),
('b.kashfutdinov', 'Булат Кашфутдинов', NULL),
('a.gerasimenko', 'Андрей Герасименко', NULL),
('a.barkun', 'Андрей Баркун', NULL),
('a.shkoda', 'Алексей Шкода', NULL),
('study5', 'study5', NULL),
('a.kozlovskiy', 'Алексей Козловский', NULL),
('p.poplavskiy', 'Павел Поплавский', NULL),
('a.nalivaiko', 'Александр Наливайко', NULL),
('v.dashko', 'Владимир Дашко', NULL),
('d.shikhantsov', 'd.shikhantsov', NULL),
('e.kuratovich', 'Евгений Куратович', NULL),
('u.haritonchik', 'Юлия Харитончик', NULL),
('a.dubitskiy', 'Андрей Дубицкий', NULL),
('y.visevka', 'Юлия Высевка', NULL),
('m.adamchuk', 'Максим Адамчук', NULL),
('v.trafimovich', 'Виталий Трафимович', NULL),
('a.abakumov', 'Алексей Абакумов', NULL),
('a.frantskevich', 'a.frantskevich', NULL),
('a.ramizovskiy', 'Андрей Рамизовский', NULL),
('v.mikhaylov', 'Валерий Михайлов', NULL),
('s.sosinovich', 'Сергей Сосинович', NULL),
('s.valko', 'Сергей Валько', NULL),
('k.kovalenko', 'Константин Коваленко', NULL),
('piypiy', 'piypiy', NULL),
('e.borisenko', 'Евгений Борисенко', NULL),
('d.demeschik', 'Дмитрий Демещик', NULL),
('o.derbenev', 'Олег Дербенев', NULL),
('g.ivantsov', 'Геннадий Иванцов', NULL),
('i.tochenaya', 'Ирина Точеная', NULL),
('d.mazanik', 'Денис Мазаник', NULL),
('t.krukovskaya', 'Татьяна Круковская', NULL),
('a.bondarchuk', 'Андрей Бондарчук', NULL),
('l.doronina', 'Лариса Доронина', NULL),
('n.evlanova', 'Надежда Евланова', NULL),
('v.gribchenko', 'Владимир Грибченко', NULL),
('d.verjbalovich', 'Дмитрий Вержбалович', NULL),
('v.yatsenko', 'Василий Яценко', NULL),
('a.gramovich', 'Андрей Грамович', NULL),
('a.malinovskiy', 'Алексей Малиновский', NULL),
('study24', 'study24', NULL),
('i.levchuk', 'Ирина Левчук', NULL),
('s.mikhnovets', 'Сергей Михновец', NULL),
('study23', 'study23', NULL),
('o.lipnitskaya', 'Ольга Липницкая', NULL),
('spuser', 'spuser', NULL),
('i.fedchenko', 'Иван Федченко', NULL),
('v.terehov', 'Виктор Терехов', NULL),
('a.zaitsev', 'Алексей Зайцев', NULL),
('s.demidov', 'Сергей Демидов', NULL),
('n.kuzminich', 'Никита Кузьминич', NULL),
('k.yunitskaya', 'Карина Юницкая', NULL),
('e.zlobich', 'Евгений Злобич', NULL),
('d.yurkevich', 'Дмитрий Юркевич', NULL),
('s.afanasyev', 'Сергей Афанасьев', NULL),
('v.subotka', 'Вадим Суботка', NULL),
('t.sudadze', 't.sudadze', NULL),
('a.gelfman', 'Александра Гельфман', NULL),
('y.badanov', 'Юрий Баданов', NULL),
('a.vasanskiy', 'Антон Васанский', NULL),
('n.shneyder', 'Никита Шнейдер', NULL),
('v.vitkovskiy', 'Сергей Витковский', NULL),
('study11', 'study11', NULL),
('a.kondrutskiy', 'Алексей Кондруцкий', NULL),
('study12', 'study12', NULL),
('y.medushevskiy', 'Юрий Медушевский', NULL),
('i.polyukhovich', 'Ирина Полюхович', NULL),
('a.moskalenko', 'Александр Москаленко', NULL),
('v.bogatir', 'Владимир Богатырь', NULL),
('y.shugai', 'Юрий Шугай', NULL),
('d.ulasen', 'Дмитрий Уласень', NULL),
('m.sheremet', 'Максим Шеремет', NULL),
('study13', 'study13', NULL),
('a.leyko', 'Анастасия Лейко', NULL),
('r.volobuev', 'Роман Волобуев', NULL),
('a.borzdak', 'Анастасия Борздак', NULL),
('s.savin', 'Сергей Савин', NULL),
('n.giranin', 'n.giranin', NULL),
('d.khalopitsa', 'Дмитрий Халопица', NULL),
('i.putirskiy', 'Игорь Путырский', NULL),
('g.borovik', 'Галина Боровик', NULL),
('m.zil', 'Мария Зыль', NULL),
('t.titovets', 'Тамара Титовец', NULL),
('a.loktevich', 'Александр Локтевич', NULL),
('o.mashin', 'Олег Машин', NULL),
('m.dybrovski', 'Максим Дубровский', NULL),
('e.galievskaya', 'Елена Галиевская', NULL),
('v.lapkovskiy@sw-tech.by', 'v.lapkovskiy@sw-tech.by', NULL),
('a.elistratov', 'Антон Елистратов', NULL),
('a.movchan', 'Антон Мовчан', NULL),
('s.artyushevskiy', 'Сергей Артюшевский', NULL),
('o.gorbacheva', 'Олеся Горбачева', NULL),
('a.lira', 'Алексей Лира', NULL),
('former employee', 'former employee', NULL),
('a.kulsha', 'Александр Кульша', NULL),
('d.soloshenko', 'Дмитрий Солошенко', NULL),
('y.mayseenok', 'Юрий Майсеёнок', NULL),
('e.protasevich', 'Евгений Протасевич', NULL),
('a.sherbich', 'Андрей Щербич', NULL),
('n.sokolova', 'Наталья Соколова', NULL),
('n.lushchikova', 'Наталья Лущикова', NULL),
('t.kuntsevich', 'Татьяна Кунцевич', NULL),
('a.dakhov', 'Алексей Дахов', NULL),
('y.raznorovich', 'Юрий Разнорович', NULL),
('v.karpushenko', 'Владимир Карпушенко', NULL),
('a.frantsevich', 'a.frantsevich', NULL),
('d.shitik', 'd.shitik', NULL),
('p.skoybeda', 'Павел Скойбеда', NULL),
('a.senozhatskiy', 'Александр Сеножацкий', NULL),
('i.korban', 'Игорь Корбан', NULL),
('a.aniskova', 'a.aniskova', NULL),
('m.chetirbok', 'Марина Четырбок', NULL),
('e.taganovich', 'Елена Таганович', NULL),
('a.kozlov', 'Александр Козлов', NULL),
('e.kochkin', 'Егор Кочкин', NULL),
('e.denishchik', 'Екатерина Денищик', NULL),
('a.polyak', 'Александр Поляк', NULL),
('a.komlev', 'Андрей Комлев', NULL),
('e.zhichko', 'Евгений Жичко', NULL),
('s.klemyuk', 'Светлана Клемюк', NULL),
('v.terehovich', 'v.terehovich', NULL),
('m.tsirlin', 'Михаил Цырлин', NULL),
('a.matveychuk', 'Антон Матвейчук', NULL),
('s.yanchenko', 'Сергей Янченко', NULL),
('a.efremov', 'Александр Ефремов', NULL),
('v.chukhley', 'Виктор Чухлей', NULL),
('e.yaroshuk', 'Екатерина Ярошук', NULL),
('a.unitsky', 'Анатолий Юницкий', NULL),
('i.kostyuk', 'Илья Костюк', NULL),
('t.astapenko', 'Татьяна Астапенко', NULL),
('a.kakhanovich', 'Алексей Каханович', NULL),
('e.bugaev', 'Евгений Бугаев', NULL),
('v.leonova', 'Вероника Леонова', NULL),
('a.savko', 'Артем Савко', NULL),
('t.nikeenko', 'Татьяна Никеенко', NULL),
('m.bardushko', 'Максим Бардушко', NULL),
('a.khlebus', 'Александр Хлебус', NULL),
('test_rakhlei', 'Антон Рахлей', NULL),
('m.yashchenko', 'Майя Ященко', NULL),
('v.bespalova', 'v.bespalova', NULL),
('n.kosareva', 'Надежда Косарева', NULL),
('study4', 'study4', NULL),
('o.kavalevskaya', 'Ольга Кавалевская', NULL),
('a.ulevich', 'Андрей Улевич', NULL),
('3de_UVR', '3de_UVR null', NULL),
('e.budnichenko', 'Евгений Будниченко', NULL),
('d.shakhrai', 'Дмитрий Шахрай', NULL),
('a.trush', 'a.trush', NULL),
('a.khvalev', 'Андрей Хвалёв', NULL),
('d.chishik', 'Дмитрий Чижик', NULL),
('e.ermachek', 'Евгений Ермачёк', NULL),
('a.selivanova', 'Алина Селиванова', NULL),
('v.grigorev', 'Владимир Григорьев', NULL),
('p.tsigvintsev', 'Павел Цыгвинцев', NULL),
('a.pozniak', 'Александр Позняк', NULL),
('a.unkas', 'Андрей Ункас', NULL),
('v.garah', 'Виктор Гарах', NULL),
('m.lomako', 'Максим Ломако', NULL),
('e.strokova', 'Екатерина Строкова', NULL),
('y.riseva', 'Юлия Рысева', NULL),
('e.neborskaya', 'Елена Неборская', NULL),
('a.sapryko', 'Артём Сапрыко', NULL),
('s.sosnovskiy', 'Станислав Сосновский', NULL),
('d.tikhonov', 'Дмитрий Тихонов', NULL),
('v.kezhun', 'Вадим Кежун', NULL),
('study26', 'study26', NULL),
('study30', 'study30', NULL),
('y.kharlan', 'Юлия Харлан', NULL),
('v.malash', 'Виталий Малаш', NULL),
('c.center', 'Conf Center', NULL),
('m.krasovskaya', 'Марина Красовская', NULL),
('y.shrubok', 'Юрий Шрубок', NULL),
('m.neverovich', 'Максим Неверович', NULL),
('k.shabronov', 'Кирилл Шабронов', NULL),
('d.chukanov', 'Дмитрий Чуканов', NULL),
('s.volosnikov', 'Сергей Волосников', NULL),
('a.makurin', 'Алексей Макурин', NULL),
('a.niyakovskiy', 'Александр Нияковский', NULL),
('k.buchinskiy', 'Казимир Бучинский', NULL),
('a.kulay', 'Александр Кулай', NULL),
('m.mishuk', 'Максим Мышук', NULL),
('n.zil', 'Никифор Зыль', NULL),
('a.mickevich', 'Александр Мицкевич', NULL),
('v.bezuglyi', 'Виталий Безуглый', NULL),
('3DIndexAdminUser', '3DIndexAdminUser', NULL),
('s.polkhovskiy', 'Сергей Полховский', NULL),
('t.kurdyukova', 'Татьяна Курдюкова', NULL),
('a.kurakin', 'Алексей Куракин', NULL),
('v.kokhan', 'Виталий Кохан', NULL),
('s.romanovskiy', 'Сергей Романовский', NULL),
('k.badulin', 'Кирилл Бадулин', NULL),
('ustinovich', 'ustinovich', NULL),
('a.romanyuk', 'Антон Романюк', NULL),
('a.myslivets', 'Анна Мысливец', NULL),
('v.savchenko', 'Вадим Савченко', NULL),
('a.nadeeva', 'Анна Надеева', NULL),
('a.motrenko', 'Алексей Мотренко', NULL),
('s.pronkevich', 'Сергей Пронкевич', NULL),
('e.rusak', 'Евгений Русак', NULL),
('m.hadarkevich', 'Михаил Хадаркевич', NULL),
('v.rakitin', 'Виктор Ракитин', NULL),
('v.shapovalova', 'Виктория Шаповалова', NULL),
('o.petrozhitskiy', 'Олег Петрожицкий', NULL),
('y.chaikovskaya', 'Юлия Чайковская', NULL),
('a.soldatenko', 'Алла Солдатенко', NULL),
('a.rutskiy', 'Алексей Руцкий', NULL),
('s.petrushenia@sw-tech.by', 's.petrushenia@sw-tech.by', NULL),
('a.schurko', 'Дмитрий Щурко', NULL),
('a.krupets', 'Андрей Крупец', NULL),
('a.neborskiy', 'Александр Неборский', NULL),
('n.tamkovich', 'Николай Тамкович', NULL),
('a.torotsko', 'Александр Торотько', NULL),
('s.kernoga', 'Сергей Кернога', NULL),
('e.sventitskaya', 'Екатерина Свентицкая', NULL),
('a.dukhlenkova', 'Анастасия Духленкова', NULL),
('study18', 'study18', NULL),
('o.avina', 'Ольга Авина', NULL),
('l.lakomkina', 'Людмила Лакомкина', NULL),
('t.kulesh', 'Татьяна Кулеш', NULL),
('study29', 'study29', NULL),
('e.klimovich', 'Елена Климович', NULL),
('d.brazovskiy', 'Дмитрий Бразовский', NULL),
('a.kornetenko', 'Александр Корнетенко', NULL),
('p.nikitin', 'Павел Никитин', NULL),
('v.romanovskya', 'Валентина Романовскя', NULL),
('o.belaya', 'Оксана Белая', NULL),
('i.fridrih', 'Ирина Фридрих', NULL),
('d.kirilyuk', 'Денис Кирилюк', NULL),
('y.butor', 'Юрий Бутор', NULL),
('e.volosevich', 'Елизавета Волосевич', NULL),
('a.symanovich', 'Андрей Сыманович', NULL),
('confcenter', 'confcenter cf', NULL),
('p.yushko', 'Павел Юшко', NULL),
('v.motevich', 'Виталий Мотевич', NULL),
('e.naumovich', 'Елизавета Наумович', NULL),
('study28', 'study28', NULL),
('a.fomenkov', 'Андрей Фоменков', NULL),
('al.pavlov', 'al.pavlov', NULL),
('o.linenko', 'Ольга Линенко', NULL),
('y.kalesnik', 'Юлия Калесник', NULL),
('n.volkov', 'Николай Волков', NULL),
('a.dubovik', 'Андрей Дубовик', NULL),
('v.karbovets', 'Вадим Карбовец', NULL),
('a.kovshirko', 'Алексей Ковширко', NULL),
('a.yurkevich', 'Анна Юркевич', NULL),
('v.kuzmich', 'v.kuzmich', NULL),
('a.polhovsky', 'Александр Полховский', NULL),
('i.filippov', 'Илья Филиппов', NULL),
('a.veselov', 'Андрей Веселов', NULL),
('v.vasilevich', 'Вадим Василевич', NULL),
('m.zareckaya', 'Марина Зарецкая', NULL),
('d.kuryan', 'Денис Курьян', NULL),
('a.pokonechniy', 'Александр Поконечный', NULL),
('i.skriba', 'Игорь Скриба', NULL),
('a.rahley', 'Антон Рахлей', NULL),
('a.golik', 'Андрей Голик', NULL),
('i.tatarintsev', 'Илья Татаринцев', NULL),
('o.kuzmina', 'Ольга Кузьмина', NULL),
('s.gorodnik', 'Сергей Городник', NULL),
('y.yurkovets', 'y.yurkovets', NULL),
('Operator3_3de', 'operator3_3de operator3_3de', NULL),
('i.sofrone', 'Ирина Софроне', NULL),
('n.obraztsova', 'n.obraztsova', NULL),
('e.sereda', 'Екатерина Середа', NULL),
('m.loyko', 'Мария Лойко', NULL),
('v.baranovskaya', 'Валентина Барановская', NULL),
('o.shkor', 'Олег Шкор', NULL),
('d.davidov', 'Денис Давыдов', NULL),
('v.lapkovskiy', 'Виталий Лапковский', NULL),
('t.belyavskaya', 'Татьяна Белявская', NULL),
('v.mayko', 'Владимир Майко', NULL),
('v.komynda', 'Владимир Комында', NULL),
('d.kiyko', 'Денис Кийко', NULL),
('a.bonus', 'Александр Бонусь', NULL),
('m.hamutovskaya', 'Мария Хамутовская', NULL),
('d.starovoitov', 'Дмитрий Старовойтов', NULL),
('s.shugai', 'Сергей Шугай', NULL),
('p.rozhkov', 'Павел Рожков', NULL),
('m.kostechko', 'Максим Костечко', NULL),
('s.verbitskiy', 'Сергей Вербицкий', NULL),
('d.shchayuk', 'Денис Щаюк', NULL),
('iga', 'iga iga', NULL),
('a.tserlyukevich', 'Альберт Церлюкевич', NULL),
('a.avsyanskiy', 'Алексей Авсянский', NULL),
('a.morozov', 'Алексей Морозов', NULL),
('e.kalin', 'Евгений Калин', NULL),
('v.rogach', 'Василий Рогач', NULL),
('a.borodich', 'Алла Бородич', NULL),
('e.popenko', 'Елена Попенко', NULL),
('z.kovaleva', 'Зоя Ковалева', NULL),
('a.smirnov', 'a.smirnov', NULL),
('s.kulapin', 'Сергей Кулапин', NULL),
('a.yusupov', 'Андрей Юсупов', NULL),
('t.berezyuk', 'Татьяна Березюк', NULL),
('m.povorotnyi', 'Максим Поворотный', NULL),
('m.gorbunov', 'Михаил Горбунов', NULL),
('s.belonovskiy', 'Сергей Белоновский', NULL),
('a.lugom', 'Анна Лугом', NULL),
('d.isaevich', 'Денис Исаевич', NULL),
('a.shishanovskiy', 'Андрей Шишановский', NULL),
('s.sukhoivan', 'Светлана Сухойван', NULL),
('v.gurinovich', 'Владимир Гуринович', NULL),
('o.korneev', 'Олег Корнеев', NULL),
('SLMInstallerAdmin', 'SLM Installer', NULL),
('a.titchenko', 'Андрей Титченко', NULL),
('m.stepanova', 'm.stepanova', NULL),
('a.butkevich', 'a.butkevich', NULL),
('operator_3de', 'Оператор 3DE ', NULL),
('a.rakhlei', 'Антон Рахлей', NULL),
('a.katsenko', 'Андрей Кацэнко', NULL),
('e.bardier', 'Елена Бардиер', NULL),
('i.portyankov', 'Иван Портянков', NULL),
('v.chechetkina', 'Владислава Чечеткина', NULL),
('a.leonova', 'Анастасия Леонова', NULL),
('n.kirilchik', 'Наталья Кирильчик', NULL),
('n.dragun', 'Николай Драгун', NULL),
('n.ostrovskiy', 'Николай Островский', NULL),
('d.ermolickiy', 'Денис Ермолицкий', NULL),
('t.mamontov', 'Тихон Мамонтов', NULL),
('m.gusev', 'Максим Гусев', NULL),
('a.kachurovskiy', 'Анатолий Качуровский', NULL),
('insyconf', 'Insy Conf', NULL),
('v.ovsyanko', 'Владимир Овсянко', NULL),
('vo.yushkevich', 'Виталий Юшкевич', NULL),
('e.paley', 'Евгений Палей', NULL),
('v.olenev', 'Владимир Оленев', NULL),
('a.maklyuk', 'Алексей Маклюк', NULL),
('s.lukoshko', 'Сергей Лукошко', NULL),
('a.shturo', 'Александр Штуро', NULL),
('n.glavinskaya', 'Наталья Главинская', NULL),
('m.vaikshnaris', 'Максим Вайкшнарис', NULL),
('f.krylov', 'Федор Крылов', NULL),
('i.babkina', 'Ирина Бабкина', NULL),
('a.kabakov', 'Артем Кабаков', NULL),
('o.hotko', 'Оксана Хотько', NULL),
('s.grishkevich', 'Сергей Гришкевич', NULL),
('o.porohnenko', 'Олег Порохненко', NULL),
('i.koshel', 'Ирина Кошель', NULL),
('a.garbachenok', 'Андрей Гарбаченок', NULL),
('y.vashchenko', 'Янина Ващенко', NULL),
('d.baranov', 'Дмитрий Баранов', NULL),
('a.cherkas', 'a.cherkas', NULL),
('m.laptik', 'Марина Лаптик', NULL),
('a.petrische', 'Александр Петрище', NULL),
('m.romanenko', 'Маргарита Романенко', NULL),
('i.mashkovtseva', 'i.mashkovtseva', NULL),
('t.mordacheva', 'Татьяна Мордачева', NULL),
('a.krushinskaya', 'Алина Крушинская', NULL),
('phonebook', 'phonebook', NULL),
('a.pristavka', 'Андрей Приставка', NULL),
('m.gladirev', 'Михаил Гладырев', NULL),
('g.yaroshenko', 'Галина Ярощенко', NULL),
('v.salenik', 'v.salenik', NULL),
('3dswym', '3dswym ', NULL),
('e.olekhnovich', 'Екатерина Олехнович', NULL),
('d.sanko', 'Дмитрий Санько', NULL),
('e.safonova', 'Екатерина Сафонова', NULL),
('study14', 'study14', NULL),
('i.andrievskiy', 'Игорь Андриевский', NULL),
('a.bavina', 'Александра Бавина', NULL),
('d.grigorchik', 'Дмитрий Григорчик', NULL),
('m.kurnosov', 'm.kurnosov', NULL),
('m.norko', 'Марина Норко', NULL),
('e.shabailo', 'Екатерина Шабайло', NULL),
('m.kim', 'Максим Ким', NULL),
('m.tuymetov', 'Марс Туйметов', NULL),
('v.muravskiy', 'Василий Муравский', NULL),
('n.rudenkov', 'Николай Руденков', NULL),
('a.zaytsev', 'Андрей Зайцев', NULL),
('v.kohtov', 'Владимир Кохтов', NULL),
('v.kotsuba', 'Виктория Коцуба', NULL),
('o.ezhikov', 'Олег Ежиков', NULL),
('l.gilmanova', 'Лариса Гильманова', NULL),
('m.drobish', 'Мария Дробыш', NULL),
('a.mashkov', 'a.mashkov', NULL),
('v.alekseenko', 'Виталий Алексеенко', NULL),
('v.vyrvich', 'Владимир Вырвич', NULL),
('a.knyazev', 'Александр Князев', NULL),
('life', 'life', NULL),
('p.kurets', 'Павел Курец', NULL),
('i.golovchits', 'Ирина Головчиц', NULL),
('a.gorlukovich', 'Александр Горлукович', NULL),
('v.pavlovskiy', 'Василий Павловский', NULL),
('a.vlasov', 'Андрей Власов', NULL),
('a.iskra', 'a.iskra', NULL),
('e.tarliuk', 'Елена Тарлюк', NULL),
('y.sorokin', 'Юрий Сорокин', NULL),
('s.kolomyckij', 'Станислав Коломыцкий', NULL),
('testvpn', 'testvpn', NULL),
('n.filimonova', 'Наталья Филимонова', NULL),
('m.gashin', 'Максим Гашин', NULL),
('v.valuk', 'Виталий Валюк', NULL),
('study25', 'study25', NULL),
('d.sbrodov', 'Дмитрий Сбродов', NULL),
('v.rudkovskiy', 'Виктор Рудковский', NULL),
('teststudy', 'teststudy', NULL),
('r.shumeiko', 'Рэм Шумейко', NULL),
('a.kislyuk', 'Александр Кислюк', NULL),
('n.klimash', 'Николай Климаш', NULL),
('m.kirichenko', 'Михаил Кириченко', NULL),
('a.mitrofanov', 'Александр Митрофанов', NULL),
('m.bukanov', 'Максим Буканов', NULL),
('study7', 'study7', NULL),
('n.sinchuk', 'Надежда Синчук', NULL),
('a.kushnirenko', 'Антон Кушниренко', NULL),
('d.ungur', 'Дмитрий Унгур', NULL),
('m.chernishevich', 'Маргарита Чернышевич', NULL),
('m.medvedev', 'Максим Медведев', NULL),
('d.fedorenko', 'Дмитрий Федоренко', NULL),
('o.borisov', 'Олег Борисов', NULL),
('v.bardier', 'v.bardier', NULL),
('t.baranova', 'Татьяна Баранова', NULL),
('e.prilepin', 'Егор Прилепин', NULL),
('v.zubko', 'Виталий Зубко', NULL),
('m.rudko', 'Михаил Рудько', NULL),
('m.monchenko', 'Марина Монченко', NULL),
('m.obraztsov', 'Михаил Образцов', NULL),
('d.liskovets', 'Денис Лисковец', NULL),
('a.voroshkevich', 'Алексей Ворошкевич', NULL),
('d.kazak', 'Денис Казак', NULL),
('a.krivitskiy', 'Александр Кривицкий', NULL),
('v.kalesnik', 'Виктория Калесник', NULL),
('a.kuntsevich', 'a.kuntsevich', NULL),
('1cuser', '1c User', NULL),
('d.feofanov', 'Денис Феофанов', NULL),
('e.dubovskiy', 'Евгений Дубовский', NULL),
('l.kulbeda', 'Любовь Кульбеда', NULL),
('m.sheynikov', 'Михаил Шейников', NULL),
('a.rodkina', 'Анна Родькина', NULL),
('a.pokulnitskiy', 'Алексей Покульницкий', NULL),
('y.nemarovskiy', 'Юрий Немаровский', NULL),
('k.shustov', 'Константин Шустов', NULL),
('d.gavra', 'd.gavra', NULL),
('n.rak', 'Наталья Рак', NULL),
('o.sidorkevich', 'Ольга Сидоркевич', NULL),
('d.gurin', 'Дмитрий Гурин', NULL),
('o.tiliguzova', 'Ольга Тилигузова', NULL),
('y.kashchuk', 'Юрий Кащук', NULL),
('a.kharchenko', 'Анастасия Харченко', NULL),
('s.zharyy', 'Сергей Жарый', NULL),
('y.andrianov', 'Юрий Андрианов', NULL),
('i.mashkovets', 'Инна Машковец', NULL),
('v.evtuh', 'Вячеслав Евтух', NULL),
('a.kostenevich', 'a.kostenevich', NULL),
('tekzem', 'tekzem', NULL),
('y.dombrovskaya', 'Янина Домбровская', NULL),
('i.khomitskiy', 'Игорь Хомицкий', NULL),
('a.kaimonov', 'Александр Каймонов', NULL),
('v.tsalko', 'Владимир Цалко', NULL),
('a.stepanchenko', 'a.stepanchenko', NULL),
('i.franskevich', 'Игорь Франскевич', NULL),
('v.truhnov', 'Владимир Трухнов', NULL),
('i.romanenko', 'Иван Романенко', NULL),
('a.goncharov', 'Артем Гончаров', NULL),
('a.mikulich', 'Александр Микулич', NULL),
('d.ignatovich', 'Дмитрий Игнатович', NULL),
('v.vasilenko', 'Владимир Василенко', NULL),
('s.lesha', 'Сергей Лёша', NULL),
('a.rulinskiy', 'Александр Рулинский', NULL),
('study8', 'study8', NULL),
('a.koshelev', 'Алексей Кошелев', NULL),
('d.miroshnichenko', 'Диана Мирошниченко', NULL),
('v.kazhuro', 'Виталий Кажуро', NULL),
('m.erashevich', 'Максим Ерашевич', NULL),
('r.rallo', 'Роман Ралло', NULL),
('a.kotashevich', 'Анна Коташевич', NULL),
('e.zhuk', 'Евгения Жук', NULL),
('u.yuchko', 'Юлия Ючко', NULL),
('a.migel', 'Александр Мигель', NULL),
('a.vashkevich', 'a.vashkevich', NULL),
('a.shilenok', 'Александр Шилёнок', NULL),
('electroprivod', 'electroprivod', NULL),
('e.yarets', 'Елизавета Ярец', NULL),
('e.yukov', 'Евгений Юков', NULL),
('k.burvel', 'Кирилл Бурвель', NULL),
('a.gaponenko', 'a.gaponenko', NULL),
('e.malenkiy', 'Евгений Маленький', NULL),
('n.sokolov', 'Никита Соколов', NULL),
('s.avseykov', 'Сергей Авсейков', NULL),
('s.burlo', 'Сергей Бурло', NULL),
('a.pruteanu', 'Артур Прутеану', NULL),
('a.shtukar', 'Алексей Штукарь', NULL),
('a.rudenya', 'Андрей Руденя', NULL),
('y.rabyshko', 'Юрий Рабышко', NULL),
('k.zhurilova', 'Ксения Журилова', NULL),
('v.gutkovskiy', 'Виталий Гутковский', NULL),
('s.kazaev', 's.kazaev', NULL),
('i.shmigel', 'Ирина Шмигель', NULL),
('p.naumchik', 'Павел Наумчик', NULL),
('m.lapatin', 'Максим Лапатин', NULL),
('e.kuznetsov', 'Евгений Кузнецов', NULL),
('v.mitsevich', 'Виталий Мицевич', NULL),
('s.arnaut', 'Сергей Арнаут', NULL),
('a.malash', 'Анна Малаш', NULL),
('o.lisimenko', 'Ольга Лисименко', NULL),
('o.gorokh', 'Олег Горох', NULL),
('e.gordienko', 'Евгения Гордиенко', NULL),
('v.mazurkevich', 'Виталий Мазуркевич', NULL),
('e.palchuk', 'Екатерина Пальчук', NULL),
('a.lutsko', 'Алексей Луцко', NULL),
('v.kuznecov', 'Василий Кузнецов', NULL),
('d.lopuh', 'Дмитрий Лопух', NULL),
('m.shimanets', 'Мария Шиманец', NULL),
('v.romanovskaya', 'Валентина Романовская', NULL),
('a.shishkov', 'Алексей Шишков', NULL),
('e.minko', 'Евгений Минько', NULL),
('n.tolstova', 'Нина Толстова', NULL),
('e.voytsekhovskaya', 'Екатерина Войцеховская', NULL),
('a.khvalevko', 'Андрей Хвалевко', NULL),
('a.stashkevich', 'Алексей Сташкевич', NULL),
('m.kostyukov', 'Михаил Костюков', NULL),
('a.andriyanov', 'Александр Андрианов', NULL),
('r.kumashov', 'Роман Кумашов', NULL),
('a.korovkin', 'Андрей Коровкин', NULL),
('i.zhagalskiy', 'Илья Жагальский', NULL),
('d.triput', 'Дмитрий Трипуть', NULL),
('p.smolyakov', 'Петр Смоляков', NULL),
('e.baranovskiy', 'Евгений Барановский', NULL),
('s.balym', 'Сергей Балым', NULL),
('s.minenko', 'Сергей Миненко', NULL),
('p.terro', 'Павел Тэрро', NULL),
('study27', 'study27', NULL),
('admin_platform', 'Admin Platform', NULL),
('confcentergip', 'confcentergip confcentergip', NULL),
('d.yunitsky', 'Денис Юницкий', NULL),
('s.zhegzdrin', 'Сергей Жегздрин', NULL),
('n.lipskiy', 'Николай Липский', NULL),
('v.podvorniy', 'Владимир Подворный', NULL),
('n.botov', 'Николай Ботов', NULL),
('i.yanukovich', 'Ивона Янукович', NULL),
('d.zabrodskiy', 'Дмитрий Забродский', NULL),
('e.chernikova', 'Елена Черникова', NULL),
('d.galeev', 'Дамир Галеев', NULL),
('o.ustimenko', 'Ольга Устименко', NULL),
('n.trushkov', 'Николай Трушков', NULL),
('a.kazakevich', 'Артем Казакевич', NULL),
('a.borisevich', 'Андрей Борисевич', NULL),
('a.gribov', 'Александр Грибов', NULL),
('t.petrovich', 'Тамара Петрович', NULL),
('a.kytmanov', 'Алексей Кытманов', NULL),
('uniskyclub', 'uniskyclub', NULL),
('a.pankratev', 'Александр Панкратьев', NULL),
('k.nikiforov', 'Константин Никифоров', NULL),
('a.borichevskiy', 'Александр Боричевский', NULL),
('i.gavra', 'Ирина Гавра', NULL),
('e.garin', 'Евгений Гарин', NULL),
('d.shalaev', 'Дмитрий Шалаев', NULL),
('i.lud', 'Инна Луд', NULL),
('v.artsimenya', 'Вадим Арцыменя', NULL),
('s.razmislovich', 's.razmislovich', NULL),
('m.sokur', 'Максим Сокур', NULL),
('o.navitskaya', 'Оксана Навицкая', NULL),
('s.avchinikova', 'Светлана Авчинникова', NULL),
('v.shchurko', 'Вадим Щурко', NULL),
('a.seledchenko', 'Алексей Селедченко', NULL),
('n.lanina', 'Нина Ланина', NULL),
('e.vovna', 'Евгения Вовна', NULL),
('y.ulezlo', 'Юрий Улезло', NULL),
('m.evmenenko', 'Максим Евмененко', NULL),
('v.valerianovich', 'Валерий Валерианович', NULL),
('i.zhilko', 'Игорь Жылко', NULL),
('a.volkov', 'Александр Волков', NULL),
('v.lipatov', 'Владимир Липатов', NULL),
('o.kudelko', 'Олег Кудёлко', NULL),
('n.gomolko', 'Николай Гомолко', NULL),
('s.kolos', 'Сергей Колос', NULL),
('t.shekh', 'Тимур Шех', NULL),
('v.gornak', 'Виктор Горнак', NULL),
('a.petrovskaya', 'a.petrovskaya', NULL),
('study6', 'study6', NULL),
('a.ivanov', 'Антон Иванов', NULL),
('e.dudinskaya', 'Елена Дудинская', NULL),
('e.soloveva', 'Екатерина Соловьева', NULL),
('l.sumenkova', 'Лилия Суменкова', NULL),
('s.shevchik', 'Сергей Шевчик', NULL),
('a.dmitriev', 'Александр Дмитриев', NULL),
('a.gamov', 'Андрей Гамов', NULL),
('study10', 'study10', NULL),
('t.akulich', 'Татьяна Акулич', NULL),
('i.akalovich', 'Ирина Акалович', NULL),
('y.basaliga', 'Янина Басалыга', NULL);
COMMIT;

/*!40101 SET CHARACTER_SET_CLIENT=@OLD_CHARACTER_SET_CLIENT */;
/*!40101 SET CHARACTER_SET_RESULTS=@OLD_CHARACTER_SET_RESULTS */;
/*!40101 SET COLLATION_CONNECTION=@OLD_COLLATION_CONNECTION */;
